,基金代码,基金简称,类型,2020-10-22-单位净值,2020-10-22-累计净值,2020-10-22-单位净值,2020-10-22-累计净值,增长值,增长率,市价,折价率
0,150012,国联安双禧A中证100指数行情,固定收益,---,---,1.0760,1.4730,---,---,1.0580,---
1,150013,国联安双禧B中证100指数行情,分级杠杆,---,---,1.5880,1.7130,---,---,1.5790,---
2,150018,银华稳进行情,固定收益,---,---,1.0360,1.5510,---,---,1.0250,---
3,150019,银华锐进行情,分级杠杆,---,---,1.7480,1.7480,---,---,1.7270,---
4,150022,申万菱信深证成指分级收益行情,固定收益,---,---,1.0903,1.5270,---,---,1.0600,---
5,150030,银华中证等权90指数金利行情,固定收益,---,---,1.0400,1.5510,---,---,1.0200,---
6,150031,银华中证等权90指数鑫利行情,分级杠杆,---,---,1.8420,0.5910,---,---,1.8030,---
7,150032,嘉实多利分级债券优先行情,固定收益,---,---,1.0285,1.4795,---,---,1.0250,---
8,150033,嘉实多利分级债券进取行情,分级杠杆,---,---,0.9575,1.2510,---,---,0.9310,---
9,150049,南方消费收益行情,固定收益,---,---,1.0290,1.5430,---,---,1.0110,---
10,150050,南方消费进取行情,其他创新,---,---,2.1870,8.3480,---,---,2.1850,---
11,150095,泰信基本面400B行情,分级杠杆,---,---,1.2160,0.7940,---,---,1.3280,---
12,150148,信诚中证800医药指数分级A行情,固定收益,---,---,1.0400,1.3700,---,---,1.0190,---
13,150149,信诚中证800医药指数分级B行情,分级杠杆,---,---,1.6980,2.7280,---,---,1.6320,---
14,150028,信诚中证500指数分级A行情,固定收益,---,---,1.0340,1.5340,---,---,1.0090,---
15,150130,国泰国证医药卫生行业分级A行情,固定收益,---,---,1.0119,1.4244,---,---,0.9870,---
16,150131,国泰国证医药卫生行业分级B行情,分级杠杆,---,---,0.8605,3.2180,---,---,0.8880,---
17,159929,汇添富中证医药卫生ETF行情,ETF-场内,---,---,2.3300,2.3300,---,---,2.2970,---
18,159930,汇添富中证能源ETF行情,ETF-场内,---,---,0.6172,0.6172,---,---,0.6150,---
19,159931,汇添富中证金融地产ETF行情,ETF-场内,---,---,1.8430,1.8430,---,---,1.8360,---
20,159932,大成中证500深市ETF行情,ETF-场内,---,---,1.7900,1.5160,---,---,1.7880,---
21,150172,申万菱信申万证券分级B行情,分级杠杆,---,---,1.1220,---,---,---,1.2750,---
22,150169,汇添富恒生指数分级A行情,固定收益,---,---,1.0360,---,---,---,1.0210,---
23,150181,富国中证军工指数分级A行情,固定收益,---,---,1.0120,1.3160,---,---,0.9850,---
24,150182,富国中证军工指数分级B行情,分级杠杆,---,---,1.1400,2.1980,---,---,1.1820,---
25,150180,鹏华信息分级B行情,分级杠杆,---,---,1.1020,2.2090,---,---,1.1340,---
26,159936,广发中证全指可选消费ETF行情,ETF-场内,---,---,1.8463,1.8463,---,---,1.8400,---
27,150029,信诚中证500指数分级B行情,分级杠杆,---,---,1.7390,2.0250,---,---,1.7440,---
28,150051,信诚沪深300指数分级A行情,固定收益,---,---,1.0390,1.4530,---,---,1.0210,---
29,150052,信诚沪深300指数分级B行情,分级杠杆,---,---,1.2230,1.5930,---,---,1.2200,---
30,150094,泰信基本面400A行情,固定收益,---,---,1.0400,1.4600,---,---,1.0140,---
31,159912,汇添富深证300ETF行情,ETF-场内,---,---,1.8232,1.8232,---,---,1.8110,---
32,159913,交银深证300价值ETF行情,ETF-场内,---,---,2.3040,2.3040,---,---,2.2860,---
33,159916,深F60ETF行情,ETF-场内,---,---,5.2229,2.8456,---,---,5.1880,---
34,159918,嘉实中创400ETF行情,ETF-场内,---,---,1.9811,1.9811,---,---,2.0370,---
35,159923,大成中证100ETF行情,ETF-场内,---,---,2.1230,2.1230,---,---,2.1000,---
36,159925,南方沪深300ETF行情,ETF-场内,---,---,2.2375,1.9617,---,---,2.2320,---
37,159926,嘉实中证中期国债ETF行情,ETF-场内,---,---,113.3320,1.1330,---,---,114.2450,---
38,150123,建信央视50A行情,固定收益,---,---,1.0484,---,---,---,1.0290,---
39,150124,建信央视50B行情,分级杠杆,---,---,1.2914,---,---,---,1.2940,---
40,150171,申万菱信申万证券分级A行情,固定收益,---,---,1.0270,---,---,---,1.0000,---
41,159935,景顺长城中证500ETF行情,ETF-场内,---,---,1.8677,1.8677,---,---,1.8950,---
42,150168,银华沪深300指数分级B行情,分级杠杆,---,---,1.4860,---,---,---,1.4900,---
43,150157,信诚中证800金融指数分级A行情,固定收益,---,---,1.0400,1.3500,---,---,1.0260,---
44,150158,信诚中证800金融指数分级B行情,分级杠杆,---,---,1.2760,2.4240,---,---,1.2700,---
45,150186,申万菱信中证军工指数分级A行情,固定收益,---,---,1.0106,---,---,---,0.9830,---
46,150187,申万菱信中证军工指数分级B行情,分级杠杆,---,---,1.0738,---,---,---,1.1220,---
47,150179,鹏华信息分级A行情,固定收益,---,---,1.0300,1.3130,---,---,1.0030,---
48,150188,招商可转债分级债券A行情,固定收益,---,---,1.0380,1.3040,---,---,1.0270,---
49,150145,招商沪深300高贝塔分级A行情,固定收益,---,---,1.0425,1.3947,---,---,1.0450,---
50,150146,招商沪深300高贝塔分级B行情,分级杠杆,---,---,1.3159,1.3160,---,---,1.3750,---
51,150150,信诚中证800有色指数分级A行情,固定收益,---,---,1.0400,1.3670,---,---,1.0180,---
52,150151,信诚中证800有色指数分级B行情,分级杠杆,---,---,1.0500,1.2070,---,---,1.0580,---
53,159934,易方达黄金ETF行情,ETF-场内,---,---,3.9397,1.6050,---,---,3.9370,---
54,150152,富国创业板指数分级A行情,固定收益,---,---,1.0160,1.3860,---,---,0.9880,---
55,150153,富国创业板指数分级B行情,分级杠杆,---,---,1.2420,2.2550,---,---,1.2930,---
56,510010,交银上证180公司治理ETF行情,ETF-场内,---,---,1.3990,1.5570,---,---,1.3800,---
57,510020,博时上证超大盘ETF行情,ETF-场内,---,---,3.5022,1.2917,---,---,3.4710,---
58,510030,华宝上证180价值ETF行情,ETF-场内,---,---,6.1570,2.1080,---,---,6.1490,---
59,510050,华夏上证50ETF行情,ETF-场内,---,---,3.4300,4.6450,---,---,3.4200,---
60,510060,工银上证央企ETF行情,ETF-场内,---,---,2.0001,1.2793,---,---,1.9800,---
61,510090,建信责任ETF行情,ETF-场内,---,---,2.3053,2.7502,---,---,2.3010,---
62,510110,海富通上证周期ETF行情,ETF-场内,---,---,4.0930,1.6430,---,---,4.0560,---
63,510120,海富通上证非周期ETF行情,ETF-场内,---,---,4.0010,1.6850,---,---,3.9660,---
64,510130,中盘ETF行情,ETF-场内,---,---,5.0455,1.7354,---,---,5.0180,---
65,510150,招商上证消费80ETF行情,ETF-场内,---,---,8.6616,2.8547,---,---,8.6220,---
66,510160,中证南方小康产业指数ETF行情,ETF-场内,---,---,0.6608,1.6440,---,---,0.6620,---
67,510180,华安上证180ETF行情,ETF-场内,---,---,4.0225,4.2273,---,---,4.0110,---
68,510190,华安上证龙头ETF行情,ETF-场内,---,---,4.0560,1.5540,---,---,4.0200,---
69,510210,上证综指ETF行情,ETF-场内,---,---,4.6120,1.5780,---,---,4.5880,---
70,510220,华泰柏瑞上证中小盘ETF行情,ETF-场内,---,---,5.1273,1.4120,---,---,5.0860,---
71,510230,国泰上证180金融ETF行情,ETF-场内,---,---,1.1744,1.9716,---,---,1.1750,---
72,510270,中银上证国企100ETF行情,ETF-场内,---,---,1.2770,1.4900,---,---,1.2620,---
73,510500,南方中证500ETF行情,ETF-场内,---,---,6.9967,1.9613,---,---,6.9680,---
74,510880,华泰柏瑞上证红利ETF行情,ETF-场内,---,---,2.7209,2.3039,---,---,2.7070,---
75,513100,国泰纳斯达克100ETF行情,QDII-ETF,---,---,---,---,---,---,4.5560,---
76,150100,鹏华资源分级A行情,固定收益,---,---,1.0360,1.4090,---,---,1.0170,---
77,150101,鹏华资源分级B行情,分级杠杆,---,---,1.1980,0.2950,---,---,1.1840,---
78,150117,国泰国证房地产行业指数分级A行情,固定收益,---,---,1.0442,1.4632,---,---,1.0190,---
79,150118,国泰国证房地产行业指数分级B行情,分级杠杆,---,---,1.1170,2.4094,---,---,1.1300,---
80,159901,易方达深证100ETF行情,ETF-场内,---,---,7.0157,6.7752,---,---,6.9780,---
81,159902,华夏中小板ETF行情,ETF-场内,---,---,4.4480,4.5680,---,---,4.4320,---
82,159903,南方深证成份ETF行情,ETF-场内,---,---,1.5220,1.1230,---,---,1.5090,---
83,159905,工银深证红利ETF行情,ETF-场内,---,---,2.4391,2.4391,---,---,2.4350,---
84,159906,大成深证成长40ETF行情,ETF-场内,---,---,1.5390,1.5390,---,---,1.5200,---
85,159907,广发中小板300ETF行情,ETF-场内,---,---,1.7727,1.6106,---,---,1.7600,---
86,159908,博时创业板ETF行情,ETF-场内,---,---,2.3595,2.3595,---,---,2.3360,---
87,159909,招商深证TMT50ETF行情,ETF-场内,---,---,6.8719,2.1133,---,---,6.8600,---
88,159910,嘉实深证基本面120ETF行情,ETF-场内,---,---,2.3262,2.3262,---,---,2.3210,---
89,159922,嘉实中证500ETF行情,ETF-场内,---,---,6.9320,1.9436,---,---,6.8990,---
90,150192,鹏华地产分级A行情,固定收益,---,---,1.0360,1.2920,---,---,1.0160,---
91,150200,招商中证全指证券公司分级A行情,固定收益,---,---,1.0382,1.2839,---,---,1.0180,---
92,150208,招商沪深300地产等权重分级B行情,分级杠杆,---,---,0.8359,1.4373,---,---,0.9100,---
93,510290,南方上证380ETF行情,ETF-场内,---,---,1.8588,1.8588,---,---,1.8490,---
94,510300,华泰柏瑞沪深300ETF行情,ETF-场内,---,---,4.8585,1.9466,---,---,4.8420,---
95,510310,易方达沪深300发起式ETF行情,ETF-场内,---,---,2.1749,2.1749,---,---,2.1690,---
96,510330,华夏沪深300ETF行情,ETF-场内,---,---,4.8779,2.1908,---,---,4.8620,---
97,510410,博时上证自然资源ETF行情,ETF-场内,---,---,0.6401,0.6401,---,---,0.6360,---
98,510510,广发中证500ETF行情,ETF-场内,---,---,1.8522,1.8522,---,---,1.8420,---
99,159937,博时黄金ETF行情,ETF-场内,---,---,3.9704,1.5590,---,---,3.9680,---
100,150198,国泰国证食品饮料行业分级A行情,固定收益,---,---,1.0155,1.3425,---,---,0.9900,---
101,150199,国泰国证食品饮料行业分级B行情,分级杠杆,---,---,1.2941,4.5130,---,---,1.3150,---
102,150196,国泰国证有色金属行业分级A行情,固定收益,---,---,1.0442,1.3116,---,---,1.0170,---
103,150197,国泰国证有色金属行业分级B行情,分级杠杆,---,---,0.7246,0.2209,---,---,0.7280,---
104,150221,前海开源中航军工A行情,固定收益,---,---,1.0130,1.3700,---,---,0.9910,---
105,150222,前海开源中航军工B行情,分级杠杆,---,---,0.8090,0.2950,---,---,0.8260,---
106,150194,富国中证移动互联网指数分级A行情,固定收益,---,---,1.0130,1.2920,---,---,0.9860,---
107,150195,富国中证移动互联网指数分级B行情,分级杠杆,---,---,0.8630,2.1090,---,---,0.9210,---
108,150209,富国中证国有企业改革分级A行情,固定收益,---,---,1.0380,1.2750,---,---,1.0340,---
109,150210,富国中证国有企业改革分级B行情,分级杠杆,---,---,1.0400,1.4450,---,---,1.0240,---
110,159939,广发中证全指信息技术ETF行情,ETF-场内,---,---,1.4390,1.4390,---,---,1.4380,---
111,512990,华夏MSCIA股国际通ETF行情,ETF-场内,---,---,1.6070,1.6070,---,---,1.6030,---
112,150215,国泰深证TMT50指数分级A行情,固定收益,---,---,1.0127,1.2567,---,---,0.9870,---
113,150216,国泰深证TMT50指数分级B行情,分级杠杆,---,---,0.8549,0.5648,---,---,0.9240,---
114,150223,富国中证全指证券公司分级A行情,固定收益,---,---,1.0510,1.3310,---,---,1.0260,---
115,150224,富国中证全指证券公司分级B行情,分级杠杆,---,---,1.2750,0.0490,---,---,1.2920,---
116,150173,信诚中证TMT产业主题分级A行情,固定收益,---,---,1.0290,1.2790,---,---,1.0040,---
117,150174,信诚中证TMT产业主题分级B行情,分级杠杆,---,---,0.8570,2.0810,---,---,0.8770,---
118,150203,鹏华传媒分级A行情,固定收益,---,---,1.0400,1.2770,---,---,1.0120,---
119,150204,鹏华传媒分级B行情,分级杠杆,---,---,1.3380,1.4580,---,---,1.3600,---
120,150211,富国中证新能源汽车指数分级A行情,固定收益,---,---,1.0330,1.2850,---,---,1.0060,---
121,150212,富国中证新能源汽车指数分级B行情,分级杠杆,---,---,1.3210,0.4280,---,---,1.3560,---
122,159940,广发中证全指金融地产ETF行情,ETF-场内,---,---,1.1333,1.1333,---,---,1.1330,---
123,510630,华夏消费ETF行情,ETF-场内,---,---,5.0640,5.0640,---,---,5.0640,---
124,510650,上证金融地产发起式ETF行情,ETF-场内,---,---,2.0996,2.0996,---,---,2.1000,---
125,510660,华夏医药ETF行情,ETF-场内,---,---,3.0653,3.0653,---,---,3.0330,---
126,510680,万家上证50ETF行情,ETF-场内,---,---,3.0351,3.0351,---,---,3.0270,---
127,510900,易方达恒生国企ETF行情,QDII-ETF,---,---,1.1276,1.1776,---,---,1.1240,---
128,511010,国泰上证5年期国债ETF行情,ETF-场内,---,---,120.9030,1.2220,---,---,121.0010,---
129,511880,银华日利A行情,其他创新,---,---,101.6730,124.5760,---,---,101.6810,---
130,512010,易方达沪深300医药ETF行情,ETF-场内,---,---,2.8025,2.8025,---,---,2.7590,---
131,512120,华安中证细分医药ETF行情,ETF-场内,---,---,2.3340,2.3340,---,---,2.2890,---
132,513500,博时标普500ETF行情,QDII-ETF,---,---,---,---,---,---,2.1550,---
133,518800,国泰黄金ETF行情,ETF-场内,---,---,3.9336,1.4880,---,---,3.9310,---
134,150170,汇添富恒生指数分级B行情,分级杠杆,---,---,1.0540,1.0540,---,---,1.0360,---
135,150178,鹏华证券保险分级B行情,分级杠杆,---,---,0.8670,2.2590,---,---,0.9280,---
136,159920,华夏恒生ETF(QDII)行情,QDII-ETF,---,---,1.3338,1.4098,---,---,1.3270,---
137,159928,汇添富中证主要消费ETF行情,ETF-场内,---,---,4.5915,4.5915,---,---,4.6010,---
138,150227,鹏华银行分级A行情,固定收益,---,---,1.0440,1.2540,---,---,1.0210,---
139,150228,鹏华银行分级B行情,分级杠杆,---,---,0.9100,0.9100,---,---,0.9090,---
140,512640,嘉实中证金融地产ETF行情,ETF-场内,---,---,2.1872,2.1872,---,---,2.1860,---
141,150193,鹏华地产分级B行情,分级杠杆,---,---,1.2820,2.3690,---,---,1.2850,---
142,150201,招商中证全指证券公司分级B行情,分级杠杆,---,---,1.5658,0.1418,---,---,1.5840,---
143,150217,交银国证新能源指数分级A行情,固定收益,---,---,1.0360,1.2670,---,---,1.0150,---
144,150218,交银国证新能源指数分级B行情,分级杠杆,---,---,1.7780,0.2490,---,---,1.7640,---
145,150219,前海开源健康分级A行情,固定收益,---,---,1.0170,1.3380,---,---,1.0230,---
146,150229,鹏华酒分级A行情,固定收益,---,---,1.0140,1.2530,---,---,0.9950,---
147,512340,南方中证500原材料ETF行情,ETF-场内,---,---,0.8813,0.8813,---,---,0.8710,---
148,150235,鹏华证券分级A行情,固定收益,---,---,1.0440,1.2510,---,---,1.0300,---
149,150236,鹏华证券分级B行情,分级杠杆,---,---,1.4400,0.1130,---,---,1.4500,---
150,150265,中融一带一路分级A行情,固定收益,---,---,1.0470,1.3040,---,---,1.0340,---
151,150266,中融一带一路分级B行情,分级杠杆,---,---,1.1850,0.0860,---,---,1.1510,---
152,150275,安信一带一路分级A行情,固定收益,---,---,1.0380,1.2510,---,---,1.0130,---
153,150276,安信一带一路分级B行情,分级杠杆,---,---,1.3020,0.0810,---,---,1.3370,---
154,150206,鹏华中证国防指数分级B行情,分级杠杆,---,---,1.2100,1.1850,---,---,1.2050,---
155,512600,嘉实中证主要消费ETF行情,ETF-场内,---,---,4.4949,4.4949,---,---,4.4960,---
156,512610,嘉实中证医药卫生ETF行情,ETF-场内,---,---,2.1672,2.1672,---,---,2.1250,---
157,512220,景顺中证TMT150ETF行情,ETF-场内,---,---,1.7412,1.7412,---,---,1.7330,---
158,513030,华安德国30(DAX)ETF行情,QDII-ETF,---,---,---,---,---,---,1.0440,---
159,150177,鹏华证券保险分级A行情,固定收益,---,---,1.0130,1.3130,---,---,0.9860,---
160,159915,易方达创业板ETF行情,ETF-场内,---,---,2.6080,2.9877,---,---,2.5820,---
161,159933,国投瑞银金融地产ETF行情,ETF-场内,---,---,2.5073,2.5073,---,---,2.4860,---
162,512070,易方达沪深300非银ETF行情,ETF-场内,---,---,2.6132,2.6132,---,---,2.6180,---
163,150189,招商可转债分级债券B行情,分级杠杆,---,---,1.2580,2.0220,---,---,1.3790,---
164,150220,前海开源健康分级B行情,分级杠杆,---,---,1.1490,2.2290,---,---,1.0940,---
165,512310,南方中证500工业ETF行情,ETF-场内,---,---,0.6564,0.6564,---,---,0.6590,---
166,511220,海富通上证城投债ETF行情,ETF-场内,---,---,97.7610,1.2560,---,---,96.4850,---
167,512300,南方中证500医药卫生ETF行情,ETF-场内,---,---,1.6863,1.6863,---,---,1.6630,---
168,513600,南方恒指ETF行情,QDII-ETF,---,---,2.3470,1.2173,---,---,2.3420,---
169,513660,华夏沪港通恒生ETF行情,QDII-ETF,---,---,2.3853,1.2384,---,---,2.3830,---
170,502049,易方达上证50指数分级A行情,固定收益,---,---,1.0234,---,---,---,1.0100,---
171,502050,易方达上证50指数分级B行情,分级杠杆,---,---,1.3516,---,---,---,1.3420,---
172,510440,大成中证500沪市ETF行情,ETF-场内,---,---,1.9250,1.9250,---,---,1.8990,---
173,150190,新华中证环保产业指数分级A行情,固定收益,---,---,1.0040,1.4080,---,---,0.9830,---
174,150191,新华中证环保产业指数分级B行情,分级杠杆,---,---,1.0340,0.3050,---,---,1.0600,---
175,518880,华安黄金易ETF行情,ETF-场内,---,---,3.9716,1.4997,---,---,3.9700,---
176,159951,嘉实中关村A股ETF行情,ETF-场内,---,---,1.0054,1.0054,---,---,0.9920,---
177,512780,广发中证京津冀发展ETF行情,ETF-场内,---,---,0.8727,0.8727,---,---,0.8620,---
178,512860,华安MSCI中国ETF行情,ETF-场内,---,---,1.5749,1.5749,---,---,1.5610,---
179,512850,中信建投北京50ETF行情,ETF-场内,---,---,1.2732,1.2732,---,---,1.2730,---
180,512820,汇添富中证银行ETF行情,ETF-场内,---,---,1.1416,1.1416,---,---,1.1390,---
181,150232,申万菱信申万电子分级B行情,分级杠杆,---,---,0.9217,---,---,---,0.9900,---
182,150250,招商中证银行指数分级B行情,分级杠杆,---,---,1.2688,1.2688,---,---,1.2650,---
183,150252,招商中证煤炭等权指数分级B行情,分级杠杆,---,---,0.7826,0.2528,---,---,0.7690,---
184,150245,鹏华互联网分级A行情,固定收益,---,---,1.0130,1.2450,---,---,0.9970,---
185,150335,融通军工分级A行情,固定收益,---,---,1.0470,1.3230,---,---,1.0390,---
186,502025,鹏华钢铁分级B行情,分级杠杆,---,---,1.4680,0.3670,---,---,1.9190,---
187,510810,汇添富中证上海国企ETF行情,ETF-场内,---,---,0.9255,0.9555,---,---,0.9200,---
188,512100,南方中证1000ETF行情,ETF-场内,---,---,0.9494,0.9494,---,---,0.9450,---
189,150260,易方达重组分级B行情,分级杠杆,---,---,1.3014,---,---,---,1.2930,---
190,150316,富国中证工业4.0指数分级B行情,分级杠杆,---,---,0.8660,0.1080,---,---,0.9530,---
191,150318,交银中证互联网金融指数分级B行情,分级杠杆,---,---,0.9400,0.1410,---,---,1.3790,---
192,150325,工银中证高铁产业指数分级A行情,固定收益,---,---,1.0440,1.2910,---,---,1.0310,---
193,150270,招商中证白酒指数分级B行情,分级杠杆,---,---,1.1155,4.1232,---,---,1.1750,---
194,150278,鹏华高铁分级B行情,分级杠杆,---,---,0.6580,0.0300,---,---,0.6590,---
195,159945,广发中证全指能源ETF行情,ETF-场内,---,---,0.5705,0.5705,---,---,0.5760,---
196,150243,鹏华创业板分级A行情,固定收益,---,---,1.0150,1.2450,---,---,0.9930,---
197,150307,富国中证体育产业指数分级A行情,固定收益,---,---,1.0360,1.2420,---,---,1.0040,---
198,159961,方正富邦深证100ETF行情,ETF-场内,---,---,2.0287,2.0287,---,---,2.0180,---
199,512260,华安中证低波动ETF行情,ETF-场内,---,---,1.3888,1.3888,---,---,1.3840,---
200,510550,方正富邦中证500ETF行情,ETF-场内,---,---,1.5475,1.5475,---,---,1.5450,---
201,512770,华夏战略新兴成指ETF行情,ETF-场内,---,---,1.8310,1.8310,---,---,1.8180,---
202,159960,平安港股通恒生中国企业ETF行情,ETF-场内,---,---,0.9656,0.9656,---,---,0.9610,---
203,512400,南方中证申万有色金属ETF行情,ETF-场内,---,---,0.8095,0.8095,---,---,0.8060,---
204,512040,富国中证价值ETF行情,ETF-场内,---,---,1.4912,1.4912,---,---,1.4840,---
205,512920,新华MSCI中国A股国际ETF行情,ETF-场内,---,---,1.6705,1.6705,---,---,1.6760,---
206,511020,平安中证5-10年国债活跃券ETF行情,ETF-场内,---,---,103.4744,1.0447,---,---,103.2020,---
207,512870,南华中证杭州湾区ETF行情,ETF-场内,---,---,1.6618,1.6618,---,---,1.6480,---
208,502024,鹏华钢铁分级A行情,固定收益,---,---,1.0060,1.2390,---,---,1.0010,---
209,510360,广发沪深300ETF行情,ETF-场内,---,---,1.6162,1.6162,---,---,1.6110,---
210,510390,平安沪深300ETF行情,ETF-场内,---,---,5.1583,1.2344,---,---,5.1430,---
211,159954,南方恒生中国企业ETF行情,QDII-ETF,---,---,0.9338,0.9338,---,---,0.9300,---
212,511310,富国中证10年期国债ETF行情,ETF-场内,---,---,110.5370,1.1054,---,---,111.4880,---
213,512360,平安MSCI中国A股国际ETF行情,ETF-场内,---,---,1.5286,1.5286,---,---,1.5160,---
214,150296,南方中证国有企业改革分级B行情,分级杠杆,---,---,1.3530,---,---,---,1.3320,---
215,150263,华宝中证1000指数分级A行情,固定收益,---,---,1.0470,1.2990,---,---,1.0170,---
216,150300,华安中证银行指数分级B行情,分级杠杆,---,---,0.8101,0.8101,---,---,0.8090,---
217,150283,申万菱信申万医药生物分级A行情,固定收益,---,---,1.0149,---,---,---,1.0040,---
218,150247,工银中证传媒指数分级A行情,固定收益,---,---,1.0440,1.3029,---,---,1.0180,---
219,150264,华宝中证1000指数分级B行情,分级杠杆,---,---,0.9824,0.0350,---,---,1.0800,---
220,150176,银华恒生国企指数分级B行情,分级杠杆,---,---,0.7902,---,---,---,0.7980,---
221,159948,南方创业板ETF行情,ETF-场内,---,---,2.8457,1.3984,---,---,2.8190,---
222,512700,南方中证银行ETF行情,ETF-场内,---,---,1.1710,1.2710,---,---,1.1670,---
223,512960,博时央企结构调整ETF行情,ETF-场内,---,---,1.0457,1.0457,---,---,1.0410,---
224,512950,华夏中证央企ETF行情,ETF-场内,---,---,1.0509,1.0509,---,---,1.0470,---
225,512890,华泰柏瑞中证低波动ETF行情,ETF-场内,---,---,1.3312,1.3312,---,---,1.3250,---
226,159959,银华中证央企结构调整ETF行情,ETF-场内,---,---,1.1023,1.1023,---,---,1.0990,---
227,513680,建信港股通恒生中国ETF行情,ETF-场内,---,---,0.9094,0.9094,---,---,0.9040,---
228,512150,汇安富时中国A50ETF行情,ETF-场内,---,---,1.6422,1.6422,---,---,1.6370,---
229,150299,华安中证银行指数分级A行情,固定收益,---,---,1.0469,1.2996,---,---,1.0290,---
230,150237,鹏华环保分级A行情,固定收益,---,---,1.0440,1.2450,---,---,1.0140,---
231,150287,中融国证钢铁行业指数分级A行情,固定收益,---,---,1.0470,1.2970,---,---,1.0260,---
232,159955,嘉实创业板ETF行情,ETF-场内,---,---,1.4609,1.4609,---,---,1.4460,---
233,150273,鹏华一带一路分级A行情,固定收益,---,---,1.0060,1.2510,---,---,0.9740,---
234,150272,招商国证生物医药指数分级B行情,分级杠杆,---,---,0.9951,0.7857,---,---,1.8600,---
235,150290,中融中证煤炭指数分级B行情,分级杠杆,---,---,0.7090,0.1760,---,---,0.7130,---
236,502042,长盛上证50指数分级B行情,分级杠杆,---,---,1.1610,---,---,---,1.1210,---
237,502037,大成中证互联网金融指数分级A行情,固定收益,---,---,1.0466,---,---,---,1.0260,---
238,150336,融通军工分级B行情,分级杠杆,---,---,1.3170,0.3460,---,---,1.2800,---
239,150302,华安中证全指证券公司分级B行情,分级杠杆,---,---,1.4187,0.1224,---,---,1.4240,---
240,511270,海富通上证10年期ETF行情,ETF-场内,---,---,104.8604,1.1038,---,---,103.9180,---
241,150238,鹏华环保分级B行情,分级杠杆,---,---,0.9800,0.3200,---,---,0.9930,---
242,510560,国寿安保中证500ETF行情,ETF-场内,---,---,1.3701,0.6344,---,---,1.3610,---
243,159938,广发中证全指医药卫生ETF行情,ETF-场内,---,---,2.0872,2.0872,---,---,2.0550,---
244,512590,浦银安盛中证高股息ETF行情,ETF-场内,---,---,1.3676,1.3676,---,---,1.3530,---
245,511030,平安中债债利差因子ETF行情,ETF-场内,---,---,104.9199,1.0582,---,---,104.7990,---
246,159963,富国恒生中国企业ETF行情,ETF-场内,---,---,0.9293,0.9293,---,---,0.9270,---
247,512270,华安行业中性低波动ETF行情,ETF-场内,---,---,1.0867,1.0867,---,---,1.0850,---
248,150295,南方中证国有企业改革分级A行情,固定收益,---,---,1.0444,---,---,---,1.0270,---
249,502007,易方达国企改革指数分级A行情,固定收益,---,---,1.0162,---,---,---,1.0120,---
250,159919,嘉实沪深300ETF行情,ETF-场内,---,---,4.7884,2.0973,---,---,4.7710,---
251,512580,广发中证环保ETF行情,ETF-场内,---,---,1.0351,1.0351,---,---,1.0340,---
252,512800,华宝中证银行ETF行情,ETF-场内,---,---,1.1243,1.1243,---,---,1.1210,---
253,150257,易方达生物分级A行情,固定收益,---,---,1.0110,---,---,---,0.9830,---
254,150288,中融国证钢铁行业指数分级B行情,分级杠杆,---,---,0.7870,0.0290,---,---,0.7750,---
255,159962,华夏中证四川国改ETF行情,ETF-场内,---,---,1.3425,1.3425,---,---,1.3360,---
256,159964,平安创业板ETF行情,ETF-场内,---,---,1.6244,1.6244,---,---,1.6120,---
257,512380,银华MSCI中国A股ETF行情,ETF-场内,---,---,1.3321,1.3321,---,---,1.3270,---
258,512690,鹏华中证酒ETF行情,ETF-场内,---,---,1.9720,1.9720,---,---,2.0040,---
259,512290,国泰中证生物医药ETF行情,ETF-场内,---,---,2.0798,2.0798,---,---,2.0260,---
260,512480,国联安中证半导体ETF行情,ETF-场内,---,---,1.9985,1.9985,---,---,2.0030,---
261,512760,国泰CES半导体芯片ETF行情,ETF-场内,---,---,1.1190,2.2380,---,---,1.1180,---
262,512170,华宝中证医疗ETF行情,ETF-场内,---,---,2.2111,2.2111,---,---,2.1960,---
263,512660,国泰中证军工ETF行情,ETF-场内,---,---,1.0872,1.0872,---,---,1.0750,---
264,512880,国泰中证全指证券公司ETF行情,ETF-场内,---,---,1.2270,1.2270,---,---,1.2350,---
265,513050,易方达中概互联50ETF行情,QDII-ETF,---,---,---,---,---,---,2.1000,---
266,150261,华宝中证医疗指数分级A行情,固定收益,---,---,1.0198,1.3013,---,---,1.0230,---
267,512810,华宝中证军工ETF行情,ETF-场内,---,---,1.0745,1.0745,---,---,1.0620,---
268,150262,华宝中证医疗指数分级B行情,分级杠杆,---,---,1.4870,0.0929,---,---,1.4310,---
269,510710,博时上证50ETF行情,ETF-场内,---,---,4.0122,1.2403,---,---,4.0030,---
270,512280,景顺MSCI中国A股ETF行情,ETF-场内,---,---,1.4221,1.4221,---,---,1.4150,---
271,513900,华安CES港股通ETF行情,ETF-场内,---,---,1.0195,1.0195,---,---,1.0170,---
272,159949,华安创业板50ETF行情,ETF-场内,---,---,1.0970,1.0970,---,---,1.0850,---
273,150244,鹏华创业板分级B行情,分级杠杆,---,---,1.3350,0.1430,---,---,1.3250,---
274,150308,富国中证体育产业指数分级B行情,分级杠杆,---,---,1.2480,0.1230,---,---,1.9960,---
275,159956,建信创业板ETF行情,ETF-场内,---,---,1.5660,1.5660,---,---,1.5590,---
276,512390,平安MSCI中国A股ETF行情,ETF-场内,---,---,1.3808,1.3808,---,---,1.3770,---
277,510600,申万菱信上证50ETF行情,ETF-场内,---,---,3.7300,1.5198,---,---,3.7210,---
278,510170,国联安上证商品ETF行情,ETF-场内,---,---,2.1640,0.6710,---,---,2.1500,---
279,150271,招商国证生物医药指数分级A行情,固定收益,---,---,1.0127,1.2477,---,---,0.9880,---
280,502038,大成中证互联网金融指数分级B行情,分级杠杆,---,---,1.0273,---,---,---,1.0260,---
281,512000,华宝券商ETF行情,ETF-场内,---,---,1.1710,1.1710,---,---,1.1780,---
282,512200,南方中证房地产ETF行情,ETF-场内,---,---,0.9185,0.9185,---,---,0.9180,---
283,159944,广发中证全指原材料ETF行情,ETF-场内,---,---,0.8946,0.8946,---,---,0.8900,---
284,150284,申万菱信申万医药生物分级B行情,分级杠杆,---,---,1.0451,---,---,---,1.0790,---
285,511260,国泰上证10年期国债ETF行情,ETF-场内,---,---,109.9460,1.0990,---,---,110.0160,---
286,510580,易方达中证500ETF行情,ETF-场内,---,---,6.9296,1.0678,---,---,6.8970,---
287,159953,广发中证全指工业ETF行情,ETF-场内,---,---,0.9531,0.9531,---,---,1.0090,---
288,512560,易方达中证军工ETF行情,ETF-场内,---,---,1.2004,1.2004,---,---,1.1880,---
289,150329,方正富邦保险主题指数分级A行情,固定收益,---,---,1.0080,1.2570,---,---,0.9830,---
290,512500,华夏中证500ETF行情,ETF-场内,---,---,3.2530,0.7121,---,---,3.2380,---
291,512680,广发中证军工ETF行情,ETF-场内,---,---,1.1089,1.1089,---,---,1.0970,---
292,150322,富国中证煤炭指数分级B行情,分级杠杆,---,---,0.8830,0.1490,---,---,0.8980,---
293,502015,长盛中证申万一带一路分级B行情,分级杠杆,---,---,1.5310,---,---,---,1.5400,---
294,150259,易方达重组分级A行情,固定收益,---,---,1.0174,---,---,---,0.9930,---
295,150281,长盛中证金融地产指数分级A行情,固定收益,---,---,1.0450,---,---,---,1.0170,---
296,150231,申万菱信申万电子分级A行情,固定收益,---,---,1.0195,---,---,---,1.0060,---
297,150249,招商中证银行指数分级A行情,固定收益,---,---,1.0382,1.2487,---,---,1.0370,---
298,150251,招商中证煤炭等权指数分级A行情,固定收益,---,---,1.0382,1.2487,---,---,1.0200,---
299,150282,长盛中证金融地产指数分级B行情,分级杠杆,---,---,0.9850,---,---,---,1.0040,---
300,150248,工银中证传媒指数分级B行情,分级杠杆,---,---,1.2165,0.0161,---,---,1.2040,---
301,502004,易方达军工分级A行情,固定收益,---,---,1.0131,---,---,---,0.9890,---
302,502005,易方达军工分级B行情,分级杠杆,---,---,1.4343,---,---,---,1.4390,---
303,502011,易方达证券公司分级A行情,固定收益,---,---,1.0131,---,---,---,0.9870,---
304,502012,易方达证券公司分级B行情,分级杠杆,---,---,1.6955,---,---,---,1.7120,---
305,150303,华安创业板50指数分级A行情,固定收益,---,---,1.0469,1.3401,---,---,1.0250,---
306,150304,华安创业板50指数分级B行情,分级杠杆,---,---,1.6421,0.0289,---,---,1.6250,---
307,150309,信诚中证信息安全指数分级A行情,固定收益,---,---,1.0310,1.2430,---,---,1.0010,---
308,150310,信诚中证信息安全指数分级B行情,分级杠杆,---,---,0.9650,0.1070,---,---,1.3790,---
309,150311,信诚中证智能家居指数分级A行情,固定收益,---,---,1.0300,1.2420,---,---,1.0060,---
310,150312,信诚中证智能家居指数分级B行情,分级杠杆,---,---,0.9420,0.1070,---,---,0.9380,---
311,502041,长盛上证50指数分级A行情,固定收益,---,---,1.0450,---,---,---,1.0220,---
312,502055,长盛中证证券公司分级B行情,分级杠杆,---,---,1.1710,---,---,---,1.2680,---
313,512900,南方中证全指证券公司ETF行情,ETF-场内,---,---,1.2116,1.2116,---,---,1.2220,---
314,150298,南方中证互联网指数分级B行情,分级杠杆,---,---,0.9636,---,---,---,1.0540,---
315,512330,南方中证500信息技术ETF行情,ETF-场内,---,---,1.1398,1.1398,---,---,1.1380,---
316,150326,工银中证高铁产业指数分级B行情,分级杠杆,---,---,0.7616,0.0380,---,---,1.0000,---
317,150230,鹏华酒分级B行情,分级杠杆,---,---,1.4660,2.0190,---,---,1.5000,---
318,512550,嘉实富时中国A50ETF行情,ETF-场内,---,---,1.5894,1.5894,---,---,1.5850,---
319,150289,中融中证煤炭指数分级A行情,固定收益,---,---,1.0470,1.2960,---,---,1.0220,---
320,502014,长盛中证申万一带一路分级A行情,固定收益,---,---,1.0450,---,---,---,1.0170,---
321,150301,华安中证全指证券公司分级A行情,固定收益,---,---,1.0469,1.3402,---,---,1.0250,---
322,150246,鹏华互联网分级B行情,分级杠杆,---,---,0.8930,0.4160,---,---,0.9240,---
323,150317,交银中证互联网金融指数分级A行情,固定收益,---,---,1.0440,1.2950,---,---,1.0280,---
324,512570,易方达中证全指证券公司ETF行情,ETF-场内,---,---,1.1795,1.1795,---,---,1.1820,---
325,159957,华夏创业板ETF行情,ETF-场内,---,---,1.6338,1.6338,---,---,1.6160,---
326,510800,建信上证50ETF行情,ETF-场内,---,---,1.3601,1.3601,---,---,1.3590,---
327,159941,广发纳斯达克100ETF行情,QDII-ETF,---,---,---,---,---,---,2.5300,---
328,150297,南方中证互联网指数分级A行情,固定收益,---,---,1.0360,---,---,---,1.0090,---
329,150274,鹏华一带一路分级B行情,分级杠杆,---,---,1.5520,0.1150,---,---,1.5190,---
330,150258,易方达生物分级B行情,分级杠杆,---,---,0.9776,---,---,---,1.2370,---
331,150294,南方中证高铁产业指数分级B行情,分级杠杆,---,---,0.3100,---,---,---,0.4420,---
332,150315,富国中证工业4.0指数分级A行情,固定收益,---,---,1.0120,1.2430,---,---,0.9870,---
333,502008,易方达国企改革指数分级B行情,分级杠杆,---,---,1.6828,---,---,---,1.6590,---
334,150343,融通证券分级A行情,固定收益,---,---,1.0470,1.3210,---,---,1.0270,---
335,512160,南方MSCI中国A股国际通ETF行情,ETF-场内,---,---,1.5298,1.5298,---,---,1.5230,---
336,510590,平安中证500ETF行情,ETF-场内,---,---,6.7685,1.1294,---,---,6.7400,---
337,512520,华泰MSCI中国A股国际通ETF行情,ETF-场内,---,---,1.5296,1.5296,---,---,1.5190,---
338,511280,华夏3-5年信用债ETF行情,ETF-场内,---,---,109.6822,1.0968,---,---,105.3920,---
339,512090,易方达MSCI中国A股ETF行情,ETF-场内,---,---,1.5334,1.5334,---,---,1.5270,---
340,150269,招商中证白酒指数分级A行情,固定收益,---,---,1.0069,1.2477,---,---,0.9820,---
341,150277,鹏华高铁分级A行情,固定收益,---,---,1.0060,1.2500,---,---,0.9850,---
342,150293,南方中证高铁产业指数分级A行情,固定收益,---,---,1.0488,---,---,---,1.0240,---
343,159943,大成深证成份ETF行情,ETF-场内,---,---,14.9700,0.9830,---,---,14.8000,---
344,159958,工银瑞信创业板ETF行情,ETF-场内,---,---,1.5702,1.5702,---,---,1.5540,---
345,512980,广发中证传媒ETF行情,ETF-场内,---,---,0.9689,0.9689,---,---,0.9560,---
346,510380,国寿安保沪深300ETF行情,ETF-场内,---,---,1.2515,1.2515,---,---,1.2420,---
347,159952,广发创业板ETF行情,ETF-场内,---,---,1.5694,1.5694,---,---,1.5540,---
348,512510,华泰柏瑞中证500ETF行情,ETF-场内,---,---,1.5037,0.7595,---,---,1.4960,---
349,150344,融通证券分级B行情,分级杠杆,---,---,1.5090,0.2060,---,---,1.5000,---
350,150330,方正富邦保险主题指数分级B行情,分级杠杆,---,---,1.0480,2.1190,---,---,1.0450,---
351,502054,长盛中证证券公司分级A行情,固定收益,---,---,1.0450,---,---,---,1.0180,---
352,159968,博时中证500ETF行情,ETF-场内,---,---,6.6430,1.3095,---,---,6.6120,---
353,515060,华夏中证全指房地产ETF行情,ETF-场内,---,---,1.0395,1.0395,---,---,1.0380,---
354,159807,易方达中证科技50ETF行情,ETF-场内,---,---,1.4335,1.4335,---,---,1.4230,---
355,159998,天弘中证计算机ETF行情,ETF-场内,---,---,1.1362,1.1362,---,---,1.1340,---
356,510760,国泰上证综合交易ETF行情,ETF-场内,---,---,0.9743,0.9743,---,---,0.9720,---
357,515100,景顺长城红利低波动100ETF行情,ETF-场内,---,---,1.1823,1.1823,---,---,1.1800,---
358,515650,富国中证消费50ETF行情,ETF-场内,---,---,1.4571,1.4571,---,---,1.4610,---
359,512970,平安粤港澳大湾区ETF行情,ETF-场内,---,---,1.3796,1.3796,---,---,1.3750,---
360,515750,富国中证科技50策略ETF行情,ETF-场内,---,---,1.4491,1.4491,---,---,1.4410,---
361,159983,华夏粤港澳大湾区创新100ETF行情,ETF-场内,---,---,1.3151,1.3151,---,---,1.3090,---
362,159984,南方粤港澳大湾区ETF行情,ETF-场内,---,---,1.2704,1.2704,---,---,1.2670,---
363,159976,工银粤港澳大湾区创新100ETF行情,ETF-场内,---,---,1.2602,1.2602,---,---,1.2580,---
364,159981,建信易盛能源化工期货ETF行情,ETF-场内,---,---,0.8857,0.8857,---,---,0.8770,---
365,159966,华夏创蓝筹ETF行情,ETF-场内,---,---,1.8653,1.8653,---,---,1.8510,---
366,159967,华夏创成长ETF行情,ETF-场内,---,---,2.0008,2.0008,---,---,1.9770,---
367,515580,华泰柏瑞中证科技100ETF行情,ETF-场内,---,---,1.5396,1.5396,---,---,1.5250,---
368,159965,中融央视财经50ETF行情,ETF-场内,---,---,1.4007,1.4007,---,---,1.3970,---
369,515150,富国中证国企一带一路ETF行情,ETF-场内,---,---,1.0580,1.0580,---,---,1.0530,---
370,159804,国寿安保创精选88ETF行情,ETF-场内,---,---,1.2580,1.2580,---,---,1.2590,---
371,159990,银华巨潮小盘价值ETF行情,ETF-场内,---,---,1.1245,1.1245,---,---,1.1150,---
372,515450,南方中国A股大盘红利低波50ETF行情,ETF-场内,---,---,1.0695,1.0695,---,---,1.0660,---
373,515500,海富通中证长三角领先ETF行情,ETF-场内,---,---,0.9960,0.9960,---,---,0.9900,---
374,515260,华宝中证电子50ETF行情,ETF-场内,---,---,0.9629,0.9629,---,---,0.9640,---
375,515700,平安中证新能源汽车产业ETF行情,ETF-场内,---,---,1.4783,1.4783,---,---,1.4920,---
376,159820,天弘中证500ETF行情,ETF-场内,---,---,0.9643,0.9643,---,---,0.9590,---
377,512720,国泰中证计算机ETF行情,ETF-场内,---,---,1.4650,1.4650,---,---,1.4590,---
378,515000,华宝中证科技龙头ETF行情,ETF-场内,---,---,1.7003,1.7003,---,---,1.6940,---
379,510350,工银瑞信沪深300ETF行情,ETF-场内,---,---,4.8241,1.2652,---,---,4.8090,---
380,512730,鹏华中证银行ETF行情,ETF-场内,---,---,1.0635,1.0635,---,---,1.0620,---
381,515350,民生加银沪深300ETF行情,ETF-场内,---,---,5.1612,1.2830,---,---,5.1390,---
382,159997,天弘中证电子ETF行情,ETF-场内,---,---,1.1853,1.1853,---,---,1.1840,---
383,159806,国泰中证新能源汽车ETF行情,ETF-场内,---,---,1.5070,1.5070,---,---,1.5230,---
384,159979,广发粤港澳大湾区创新100ETF行情,ETF-场内,---,---,1.2176,1.2176,---,---,1.2130,---
385,515550,中融中证500ETF行情,ETF-场内,---,---,1.2862,1.2862,---,---,1.3080,---
386,515310,添富沪深300ETF行情,ETF-场内,---,---,1.2254,1.2254,---,---,1.2170,---
387,159996,国泰中证全指家电ETF行情,ETF-场内,---,---,1.2756,1.2756,---,---,1.2700,---
388,510100,易方达上证50ETF行情,ETF-场内,---,---,1.2857,1.2857,---,---,1.2840,---
389,159814,西部利得创业板大盘ETF行情,ETF-场内,---,---,1.0553,1.0553,---,---,1.0420,---
390,515830,工银瑞信中证800ETF行情,ETF-场内,---,---,5.0788,1.0150,---,---,5.0450,---
391,515560,建信中证全指证券公司ETF行情,ETF-场内,---,---,1.0811,1.0811,---,---,1.0890,---
392,515950,富国中证医药50ETF行情,ETF-场内,---,---,1.5686,1.5686,---,---,1.5460,---
393,515190,中银证券中证500ETF行情,ETF-场内,---,---,1.2518,1.2518,---,---,1.2330,---
394,513080,华安法国CAC40ETF(QDII)行情,QDII-ETF,---,---,---,---,---,---,0.9800,---
395,515810,易方达中证800ETF行情,ETF-场内,---,---,1.3230,1.3230,---,---,1.3210,---
396,159972,鹏华中证5年地债ETF行情,ETF-场内,---,---,103.3288,1.0355,---,---,103.0890,---
397,513090,易方达中证香港证券投资ETF行情,ETF-场内,---,---,1.2063,1.2063,---,---,1.2040,---
398,515890,博时红利ETF行情,ETF-场内,---,---,1.1985,1.1985,---,---,1.1880,---
399,515210,国泰中证钢铁ETF行情,ETF-场内,---,---,1.1762,1.1762,---,---,1.1740,---
400,515220,国泰中证煤炭ETF行情,ETF-场内,---,---,1.1495,1.1495,---,---,1.1450,---
401,515160,招商MSCI中国A股国际通ETF行情,ETF-场内,---,---,1.3351,1.3351,---,---,1.3280,---
402,515900,博时央企创新驱动ETF行情,ETF-场内,---,---,0.9686,0.9686,---,---,0.9630,---
403,515600,广发央企创新ETF行情,ETF-场内,---,---,0.9544,0.9544,---,---,0.9490,---
404,515680,嘉实中证央企创新驱动ETF行情,ETF-场内,---,---,0.9730,0.9730,---,---,0.9700,---
405,159974,富国央企创新ETF行情,ETF-场内,---,---,0.9924,0.9924,---,---,0.9840,---
406,159813,鹏华国证半导体芯片ETF行情,ETF-场内,---,---,1.0483,1.0483,---,---,1.0470,---
407,159810,浦银安盛创业板ETF行情,ETF-场内,---,---,1.0540,1.0540,---,---,1.0410,---
408,515630,鹏华中证800证保ETF行情,ETF-场内,---,---,1.3113,1.3113,---,---,1.3160,---
409,513520,华夏野村日经225ETF行情,QDII-ETF,---,---,1.1022,1.1022,---,---,1.1010,---
410,513800,南方顶峰TOPIX-ETF行情,QDII-ETF,---,---,1.0708,1.0708,---,---,1.0770,---
411,513000,易方达日经225ETF行情,QDII-ETF,---,---,1.1071,1.1071,---,---,1.1070,---
412,513880,华安日经225ETF行情,QDII-ETF,---,---,1.0734,1.0734,---,---,1.0690,---
413,515080,招商中证红利ETF行情,ETF-场内,---,---,1.2605,1.2605,---,---,1.2510,---
414,515130,博时沪深300ETF行情,ETF-场内,---,---,1.3180,1.3180,---,---,1.3150,---
415,159803,易方达中证浙江新动能ETF(QDII)行情,QDII-ETF,---,---,---,---,---,---,1.2210,---
416,515760,华夏中证浙江国资创新发展ETF行情,ETF-场内,---,---,1.0200,1.0200,---,---,1.0160,---
417,510890,兴业上证红利低波动ETF行情,ETF-场内,---,---,1.0796,1.0796,---,---,1.0800,---
418,512670,鹏华中证国防ETF行情,ETF-场内,---,---,1.6359,1.6359,---,---,1.6150,---
419,515020,华夏中证银行ETF行情,ETF-场内,---,---,1.0887,1.0887,---,---,1.0870,---
420,512750,嘉实中证锐联基本面ETF行情,ETF-场内,---,---,1.0961,1.0961,---,---,1.0940,---
421,515200,申万菱信中证研发创新100ETF行情,ETF-场内,---,---,1.6368,1.6368,---,---,1.6280,---
422,518680,富国上海金ETF行情,ETF-场内,---,---,4.0291,1.0060,---,---,4.0250,---
423,512910,广发中证100ETF行情,ETF-场内,---,---,1.3627,1.3627,---,---,1.3630,---
424,512350,兴业中证福建50ETF行情,ETF-场内,---,---,1.0039,1.0039,---,---,1.0000,---
425,515980,华富中证人工智能产业ETF行情,ETF-场内,---,---,1.1457,1.1457,---,---,1.1430,---
426,515330,天弘沪深300ETF行情,ETF-场内,---,---,1.2347,1.2347,---,---,1.2310,---
427,510690,兴业上证180金融ETF行情,ETF-场内,---,---,1.1635,1.1635,---,---,1.1570,---
428,511380,博时可转债ETF行情,ETF-场内,---,---,10.3248,1.0325,---,---,10.3240,---
429,515620,建信中证800ETF行情,ETF-场内,---,---,1.2208,1.2208,---,---,1.2130,---
430,515180,易方达中证红利ETF行情,ETF-场内,---,---,1.1503,1.1503,---,---,1.1430,---
431,159975,招商深证100ETF行情,ETF-场内,---,---,6.4097,1.4646,---,---,6.3760,---
432,159986,弘毅远方国证消费100ETF行情,ETF-场内,---,---,1.3885,1.3885,---,---,1.3830,---
433,515590,前海开源中证500等权ETF行情,ETF-场内,---,---,1.3573,1.3573,---,---,1.3430,---
434,515380,泰康沪深300ETF行情,ETF-场内,---,---,4.8933,1.1920,---,---,4.8750,---
435,150207,招商沪深300地产等权重分级A行情,固定收益,---,---,1.0131,1.2790,---,---,0.9890,---
436,159992,银华中证创新药产业ETF行情,ETF-场内,---,---,1.3736,1.3736,---,---,1.3490,---
437,159978,建信中证沪港深粤港澳大湾区发展主题ETF行情,ETF-场内,---,---,1.2274,1.2274,---,---,1.2250,---
438,515280,富国中证银行ETF行情,ETF-场内,---,---,1.1554,1.1554,---,---,1.1510,---
439,510200,汇安上证证券ETF行情,ETF-场内,---,---,1.3024,1.3024,---,---,1.3140,---
440,515930,永赢沪深300ETF行情,ETF-场内,---,---,5.2026,1.3541,---,---,5.1910,---
441,515990,添富中证国企一带一路ETF行情,ETF-场内,---,---,1.0927,1.0927,---,---,1.0710,---
442,515110,易方达中证国企一带一路ETF行情,ETF-场内,---,---,1.0487,1.0487,---,---,1.0460,---
443,159811,博时中证5G产业50ETF行情,ETF-场内,---,---,1.1664,1.1664,---,---,1.1620,---
444,159809,博时大湾区ETF行情,ETF-场内,---,---,1.1638,1.1638,---,---,1.1650,---
445,512530,建信沪深300红利ETF行情,ETF-场内,---,---,1.1395,1.1395,---,---,1.1330,---
446,159985,华夏饲料豆粕期货ETF行情,ETF-场内,---,---,1.1516,1.1516,---,---,1.1450,---
447,515690,鹏华中证高股息龙头ETF行情,ETF-场内,---,---,1.2254,1.2254,---,---,1.2190,---
448,518850,华夏黄金ETF行情,ETF-场内,---,---,4.0291,1.0372,---,---,4.0230,---
449,518600,广发上海金ETF行情,ETF-场内,---,---,4.0310,0.9874,---,---,4.0260,---
450,512320,工银MSCI中国ETF行情,ETF-场内,---,---,1.0115,1.0115,---,---,1.0040,---
451,511180,海富通上证投资级可转债ETF行情,ETF-场内,---,---,10.0775,1.0078,---,---,10.0720,---
452,159816,鹏华0-4年地方政府债ETF行情,ETF-场内,---,---,99.8533,0.9985,---,---,99.5280,---
453,159808,融通创业板ETF行情,ETF-场内,---,---,1.0124,1.0124,---,---,1.0020,---
454,515850,富国中证全指证券公司ETF行情,ETF-场内,---,---,1.3664,1.3664,---,---,1.3740,---
455,515960,嘉实医药健康100ETF行情,ETF-场内,---,---,1.3405,1.3405,---,---,1.3220,---
456,512180,建信MSCI中国A股国际通ETF行情,ETF-场内,---,---,1.3837,1.3837,---,---,1.3780,---
457,159999,永赢中证500ETF行情,ETF-场内,---,---,1.0063,1.0063,---,---,0.9990,---
458,510570,兴业中证500ETF行情,ETF-场内,---,---,0.9461,0.9461,---,---,0.9440,---
459,515860,嘉实新兴科技100ETF行情,ETF-场内,---,---,1.4556,1.4556,---,---,1.4430,---
460,159815,招商中证浙江100ETF行情,ETF-场内,---,---,0.9862,0.9862,---,---,0.9820,---
461,513990,招商上证港股通ETF行情,ETF-场内,---,---,0.9843,0.9843,---,---,0.9760,---
462,515610,中银中证800ETF行情,ETF-场内,---,---,1.0058,1.0058,---,---,0.9990,---
463,515870,嘉实先进制造100ETF行情,ETF-场内,---,---,1.2564,1.2564,---,---,1.2650,---
464,512930,平安人工智能ETF行情,ETF-场内,---,---,1.5401,1.5401,---,---,1.5320,---
465,511050,兴业上证1-5年期地方政府债ETF行情,ETF-场内,---,---,99.5981,0.9960,---,---,96.1850,---
466,515670,中银中证100ETF行情,ETF-场内,---,---,1.2395,1.2395,---,---,1.2400,---
467,159995,华夏国证半导体芯片ETF行情,ETF-场内,---,---,1.1342,1.1342,---,---,1.1340,---
468,159969,银华深证100ETF行情,ETF-场内,---,---,1.5203,1.5203,---,---,1.5110,---
469,515880,国泰中证全指通信设备ETF行情,ETF-场内,---,---,1.1383,1.1383,---,---,1.1340,---
470,515070,华夏中证人工智能主题ETF行情,ETF-场内,---,---,1.2472,1.2472,---,---,1.2430,---
471,515660,国联安沪深300ETF行情,ETF-场内,---,---,5.0526,1.3050,---,---,5.0360,---
472,159980,大成有色金属期货ETF行情,ETF-场内,---,---,1.0769,1.0769,---,---,1.0760,---
473,159971,富国创业板ETF行情,ETF-场内,---,---,1.8425,1.8425,---,---,1.8240,---
474,515090,博时可持续发展100ETF行情,ETF-场内,---,---,1.2193,1.2193,---,---,1.2200,---
475,159982,鹏华中证500ETF行情,ETF-场内,---,---,1.3128,1.3128,---,---,1.3070,---
476,515030,华夏中证新能源汽车ETF行情,ETF-场内,---,---,1.1861,1.1861,---,---,1.1980,---
477,515570,山西中证红利ETF行情,ETF-场内,---,---,1.2293,1.2293,---,---,1.2250,---
478,518890,中银上海金ETF行情,ETF-场内,---,---,4.0572,0.9763,---,---,4.0530,---
479,511060,海富通上证5年期ETF行情,ETF-场内,---,---,101.3816,1.0248,---,---,101.3140,---
480,159801,广发国证半导体芯片ETF行情,ETF-场内,---,---,1.1260,1.1260,---,---,1.1260,---
481,159993,鹏华国证证券龙头ETF行情,ETF-场内,---,---,1.2363,1.2363,---,---,1.2430,---
482,511360,海富通中证短融ETF行情,ETF-场内,---,---,100.4742,1.0047,---,---,100.4700,---
483,515300,嘉实沪深300红利低波动ETF行情,ETF-场内,---,---,1.0779,1.0779,---,---,1.0740,---
484,159987,银华中证研发创新100ETF行情,ETF-场内,---,---,1.4567,1.4567,---,---,1.4500,---
485,515520,大成MSCI中国A股质优价值100ETF行情,ETF-场内,---,---,1.3137,1.3137,---,---,1.3060,---
486,159973,弘毅远方民企领先100ETF行情,ETF-场内,---,---,1.6573,1.6573,---,---,1.6400,---
487,512710,富国中证军工龙头ETF行情,ETF-场内,---,---,1.4637,1.4637,---,---,1.4510,---
488,515800,添富中证800ETF行情,ETF-场内,---,---,1.2198,1.2198,---,---,1.2170,---
489,159991,招商创业板大盘ETF行情,ETF-场内,---,---,1.4494,1.4494,---,---,1.4320,---
490,515510,嘉实中证500成长估值ETF行情,ETF-场内,---,---,1.3462,1.3462,---,---,1.3280,---
491,512190,浙商之江凤凰ETF行情,ETF-场内,---,---,1.4130,1.4130,---,---,1.4100,---
492,510530,工银中证500ETF行情,ETF-场内,---,---,6.3696,1.2314,---,---,6.3440,---
493,159805,鹏华中证传媒ETF行情,ETF-场内,---,---,1.1874,1.1874,---,---,1.1720,---
494,159819,易方达中证人工智能主题ETF行情,ETF-场内,---,---,0.9840,0.9840,---,---,0.9810,---
495,518860,建信上海金ETF行情,ETF-场内,---,---,4.0332,0.9584,---,---,4.0210,---
496,510850,工银瑞信上证50ETF行情,ETF-场内,---,---,3.4558,1.4413,---,---,3.4550,---
497,512650,添富中证长三角ETF行情,ETF-场内,---,---,1.1818,1.1818,---,---,1.1760,---
498,515390,华安沪深300ETF行情,ETF-场内,---,---,1.1825,1.1825,---,---,1.1780,---
499,159970,工银瑞信深证100ETF行情,ETF-场内,---,---,6.0116,1.3158,---,---,5.9660,---
500,159977,天弘创业板ETF行情,ETF-场内,---,---,2.7098,1.5981,---,---,2.6830,---
501,515050,华夏中证5G通信主题ETF行情,ETF-场内,---,---,1.2210,1.2210,---,---,1.2170,---
502,150023,申万菱信深证成指分级进取行情,分级杠杆,---,---,0.3131,0.3131,---,---,0.3350,---
503,159994,银华中证5G通信主题ETF行情,ETF-场内,---,---,1.0115,1.0115,---,---,1.0080,---
504,159988,平安中债-0-5年地方债ETF行情,ETF-场内,---,---,0.9965,0.9965,---,---,0.9920,---
505,515780,浦银安盛MSCI中国A股ETF行情,ETF-场内,---,---,1.3348,1.3348,---,---,1.3290,---
506,515820,富国中证800ETF行情,ETF-场内,---,---,1.2169,1.2169,---,---,1.2100,---
507,518660,工银瑞信黄金ETF行情,ETF-场内,---,---,4.0258,1.0433,---,---,4.0230,---
508,159812,前海开源黄金ETF行情,ETF-场内,---,---,4.0251,1.0358,---,---,4.0200,---
509,515770,上投摩根MSCI中国A股ETF行情,ETF-场内,---,---,1.2232,1.2232,---,---,1.2170,---
510,515360,方正富邦沪深300ETF行情,ETF-场内,---,---,5.2555,1.2971,---,---,5.2520,---
511,515010,华夏中证全指证券公司ETF行情,ETF-场内,---,---,1.3202,1.3202,---,---,1.3280,---
512,159823,嘉实恒生中国企业ETF(QDII)行情,QDII-ETF,---,---,---,---,---,---,---,---
513,588090,华泰柏瑞上证科创板50成份ETF行情,ETF-场内,---,---,---,---,---,---,---,---
514,150167,银华沪深300指数分级A行情,固定收益,---,---,1.0440,---,---,---,---,---
515,588050,工银上证科创50成份ETF行情,ETF-场内,---,---,---,---,---,---,---,---
516,515530,泰康中证500ETF行情,ETF-场内,---,---,---,---,---,---,---,---
517,588000,华夏上证科创板50成份ETF行情,ETF-场内,---,---,---,---,---,---,---,---
518,150175,银华恒生国企指数分级A行情,固定收益,---,---,1.0444,---,---,---,---,---
519,150205,鹏华中证国防指数分级A行情,固定收益,---,---,1.0400,1.2820,---,---,---,---
520,159822,银华工银南方东英标普中国新经济ETF(QDII)行情,QDII-ETF,---,---,---,---,---,---,---,---
521,159821,中银证券创业板ETF行情,ETF-场内,---,---,1.0000,1.0000,---,---,---,---
522,150321,富国中证煤炭指数分级A行情,固定收益,---,---,1.0570,1.3490,---,---,---,---
523,511000,招商中债-0-3年长三角地方债ETF行情,ETF-场内,---,---,---,---,---,---,---,---
524,588080,易方达上证科创板50成份ETF行情,ETF-场内,---,---,---,---,---,---,---,---
525,510370,兴业沪深300ETF行情,ETF-场内,---,---,---,---,---,---,---,---
